Probe_ID,SampleVar,LogVarRatio,DiffLevene,t,P.Value,Adj.P.Value,Bonferroni,chr,pos,strand,UCSC_RefGene_Name,UCSC_RefGene_Accession,UCSC_RefGene_Group,Phantom,DMR,Enhancer,HMM_Island,Regulatory_Feature_Name,Regulatory_Feature_Group,DHS,Probe_SNPs,Probe_SNPs_10,Islands_Name,Relation_to_Island
cg15383120,1.330164389,-4.12213499,-1.112349859,-7.163245031,1.66E-11,3.69E-06,6.64E-06,chr6,291909,-,DUSP22,NM_020185,TSS200,,,,6:236882-237965,6:291596-292679,Promoter_Associated,,,,chr6:291948-292839,N_Shore
cg18110333,2.036199248,-4.727680607,-1.405843459,-7.146050072,1.83E-11,3.69E-06,7.33E-06,chr6,292329,+,DUSP22;DUSP22,NM_020185;NM_020185,1stExon;5'UTR,high-CpG:237033-237532,,,6:236882-237965,6:291596-292679,Promoter_Associated,,rs12525419,,chr6:291948-292839,Island
cg21548813,1.689358042,-4.057468175,-1.250157956,-6.950024185,5.61E-11,5.87E-06,2.24E-05,chr6,291882,-,DUSP22,NM_020185,TSS1500,,,,6:236882-237965,6:291596-292679,Promoter_Associated,,,,chr6:291948-292839,N_Shore
cg05064044,0.697418833,-3.535924957,-0.788875885,-6.9339118,6.14E-11,5.87E-06,2.45E-05,chr6,292385,+,DUSP22;DUSP22,NM_020185;NM_020185,1stExon;5'UTR,high-CpG:237033-237532,,,6:236882-237965,6:291596-292679,Promoter_Associated,,,,chr6:291948-292839,Island
cg03395511,1.361434894,-3.842005149,-1.100886476,-6.903427193,7.30E-11,5.87E-06,2.92E-05,chr6,291903,-,DUSP22,NM_020185,TSS200,,,,6:236882-237965,6:291596-292679,Promoter_Associated,,,,chr6:291948-292839,N_Shore
cg26668828,1.968618604,-3.907811747,-1.307909658,-6.762890399,1.60E-10,1.08E-05,6.41E-05,chr6,292823,+,DUSP22,NM_020185,Body,,,,6:236882-237965,6:292711-293164,Promoter_Associated,,rs815596,,chr6:291948-292839,Island
cg01516881,0.728699396,-4.144461269,-0.761796018,-6.706951214,2.19E-10,1.26E-05,8.74E-05,chr6,292596,-,DUSP22,NM_020185,Body,,,,6:236882-237965,6:291596-292679,Promoter_Associated,,,,chr6:291948-292839,Island
cg11235426,0.890381231,-3.095889945,-0.842458339,-6.420042485,1.05E-09,5.29E-05,0.000420334,chr6,292522,+,DUSP22;DUSP22,NM_020185;NM_020185,1stExon;5'UTR,high-CpG:237033-237532,,,6:236882-237965,6:291596-292679,Promoter_Associated,,,,chr6:291948-292839,Island
cg07332563,1.314135553,-3.275951073,-1.000483608,-6.155182697,4.32E-09,0.000193269,0.001726336,chr6,291687,-,DUSP22,NM_020185,TSS1500,,,,,6:291596-292679,Promoter_Associated,,,,chr6:291948-292839,N_Shore